1;lead4
2;lead3
3;lead2
4;lead1
5;draken_info
6;beat4
7;beat3
8;beat2
9;beat1
10;bass4
11;bass3
12;bass2
13;bass1
14;amb4
15;amb3
16;amb2
17;amb1
64;kossan
102;draken
209;albo
248;algen
253;ton1
256;ton2
259;ton3
262;ton4
264;sss
273;circle
273;circle
273;circle
273;circle
273;circle
273;circle
273;circle
273;circle
273;circle
273;circle
273;circle
273;circle
273;circle
273;circle
273;circle
273;circle
273;circle
273;circle
273;circle
273;circle
273;circle
273;circle
273;circle
273;circle
273;circle
273;circle
273;circle
273;circle
273;circle
273;circle
273;circle
273;circle
273;circle
273;circle
273;circle
273;circle
273;circle
273;circle
273;circle
273;circle
273;circle
273;circle
273;circle
273;circle
273;circle
273;circle
273;circle
273;circle
273;circle
273;circle
273;circle
273;circle
273;circle
273;circle
273;circle
273;circle
273;circle
273;circle
273;circle
273;circle
273;circle
273;circle
273;circle
273;circle
273;circle
273;circle
273;circle
273;circle
273;circle
273;circle
273;circle
273;circle
273;circle
273;circle
273;circle
273;circle
273;circle
273;circle
273;circle
273;circle
273;circle
273;circle
273;circle
273;circle
273;circle
273;circle
273;circle
273;circle
273;circle
273;circle
273;circle
273;circle
273;circle
273;circle
273;circle
273;circle
273;circle
273;circle
273;circle
273;circle
273;circle
273;circle
273;circle
273;circle
273;circle
273;circle
273;circle
273;circle
273;circle
273;circle
273;circle
273;circle
273;circle
273;circle
273;circle
273;circle
273;circle
273;circle
273;circle
273;circle
273;circle
273;circle
273;circle
273;circle
273;circle
273;circle
273;circle
273;circle
273;circle
273;circle
273;circle
273;circle
273;circle
273;circle
273;circle
273;circle
273;circle
273;circle
273;circle
273;circle
273;circle
273;circle
273;circle
273;circle
273;circle
273;circle
273;circle
273;circle
273;circle
273;circle
273;circle
273;circle
273;circle
273;circle
273;circle
273;circle
273;circle
273;circle
273;circle
273;circle
273;circle
273;circle
273;circle
273;circle
273;circle
273;circle
273;circle
273;circle
273;circle
273;circle
273;circle
273;circle
273;circle
273;circle
273;circle
273;circle
273;circle
273;circle
273;circle
273;circle
273;circle
273;circle
273;circle
273;circle
273;circle
273;circle
273;circle
273;circle
273;circle
273;circle
273;circle
273;circle
273;circle
273;circle
273;circle
273;circle
273;circle
273;circle
273;circle
273;circle
273;circle
273;circle
273;circle
273;circle
273;circle
273;circle
273;circle
273;circle
273;circle
273;circle
273;circle
273;circle
273;circle
273;circle
273;circle
273;circle
273;circle
273;circle
273;circle
273;circle
273;circle
273;circle
273;circle
273;circle
273;circle
273;circle
273;circle
273;circle
273;circle
273;circle
273;circle
273;circle
273;circle
273;circle
273;circle
273;circle
273;circle
273;circle
273;circle
273;circle
273;circle
273;circle
273;circle
273;circle
273;circle
273;circle
273;circle
273;circle
273;circle
273;circle
273;circle
273;circle
273;circle
273;circle
273;circle
273;circle
273;circle
273;circle
273;circle
273;circle
273;circle
273;circle
273;circle
273;circle
273;circle
273;circle
273;circle
273;circle
273;circle
273;circle
273;circle
273;circle
273;circle
273;circle
273;circle
273;circle
273;circle
273;circle
273;circle
273;circle
273;circle
273;circle
273;circle
273;circle
273;circle
273;circle
273;circle
273;circle
273;circle
273;circle
273;circle
273;circle
273;circle
273;circle
273;circle
273;circle
273;circle
273;circle
273;circle
273;circle
273;circle
273;circle
273;circle
273;circle
273;circle
273;circle
273;circle
273;circle
273;circle
273;circle
273;circle
273;circle
273;circle
273;circle
273;circle
273;circle
273;circle
273;circle
273;circle
273;circle
273;circle
273;circle
273;circle
273;circle
273;circle
273;circle
273;circle
273;circle
273;circle
273;circle
273;circle
273;circle
273;circle
273;circle
273;circle
273;circle
273;circle
273;circle
273;circle
273;circle
273;circle
273;circle
273;circle
273;circle
273;circle
273;circle
273;circle
273;circle
273;circle
273;circle
273;circle
273;circle
273;circle
273;circle
273;circle
273;circle
273;circle
273;circle
273;circle
273;circle
273;circle
273;circle
273;circle
273;circle
273;circle
273;circle
273;circle
273;circle
273;circle
273;circle
273;circle
273;circle
273;circle
273;circle
273;circle
273;circle
273;circle
273;circle
273;circle
273;circle
273;circle
273;circle
273;circle
273;circle
273;circle
273;circle
273;circle
273;circle
273;circle
273;circle
273;circle
273;circle
273;circle
273;circle
273;circle
273;circle
273;circle
273;circle
273;circle
273;circle
273;circle
273;circle
273;circle
273;circle
273;circle
273;circle
273;circle
273;circle
273;circle
264;sss
264;sss
264;sss
264;sss
264;sss
264;sss
264;sss
264;sss
264;sss
264;sss
264;sss
264;sss
264;sss
264;sss
264;sss
264;sss
264;sss
264;sss
264;sss
264;sss
264;sss
264;sss
264;sss
264;sss
264;sss
264;sss
264;sss
264;sss
264;sss
264;sss
264;sss
264;sss
430;__Packages.as.tone
